<?xml version="1.0" encoding="UTF-8"?>
<sja1105 xmlns="http://nxp.com/ns/yang/tsn/sja1105">
        <device-id>0x9E00030E</device-id>
        <static>
                <schedule-table/>
                <schedule-entry-points-table/>
                <vl-lookup-table/>
                <vl-policing-table/>
                <vl-forwarding-table/>
                <l2-address-lookup-table/>
                <l2-policing-table>
                        <entry>
                                <index>0</index>
                                <sharindx>0x0</sharindx>
                                <smax>0xFFFF</smax>
                                <rate>0x1900</rate>
                                <maxlen>0x5EE</maxlen>
                                <partition>0x0</partition>
                        </entry>
                        <entry>
                                <index>1</index>
                                <sharindx>0x1</sharindx>
                                <smax>0xFFFF</smax>
                                <rate>0x1900</rate>
                                <maxlen>0x5EE</maxlen>
                                <partition>0x0</partition>
                        </entry>
                        <entry>
                                <index>2</index>
                                <sharindx>0x2</sharindx>
                                <smax>0xFFFF</smax>
                                <rate>0x1900</rate>
                                <maxlen>0x5EE</maxlen>
                                <partition>0x0</partition>
                        </entry>
                        <entry>
                                <index>3</index>
                                <sharindx>0x3</sharindx>
                                <smax>0xFFFF</smax>
                                <rate>0x1900</rate>
                                <maxlen>0x5EE</maxlen>
                                <partition>0x0</partition>
                        </entry>
                        <entry>
                                <index>4</index>
                                <sharindx>0x4</sharindx>
                                <smax>0xFFFF</smax>
                                <rate>0x1900</rate>
                                <maxlen>0x5EE</maxlen>
                                <partition>0x0</partition>
                        </entry>
                        <entry>
                                <index>5</index>
                                <sharindx>0x5</sharindx>
                                <smax>0xFFFF</smax>
                                <rate>0x1900</rate>
                                <maxlen>0x5EE</maxlen>
                                <partition>0x0</partition>
                        </entry>
                        <entry>
                                <index>6</index>
                                <sharindx>0x6</sharindx>
                                <smax>0xFFFF</smax>
                                <rate>0x1900</rate>
                                <maxlen>0x5EE</maxlen>
                                <partition>0x0</partition>
                        </entry>
                        <entry>
                                <index>7</index>
                                <sharindx>0x7</sharindx>
                                <smax>0xFFFF</smax>
                                <rate>0x1900</rate>
                                <maxlen>0x5EE</maxlen>
                                <partition>0x0</partition>
                        </entry>
                        <entry>
                                <index>8</index>
                                <sharindx>0x8</sharindx>
                                <smax>0xFFFF</smax>
                                <rate>0x1900</rate>
                                <maxlen>0x5EE</maxlen>
                                <partition>0x0</partition>
                        </entry>
                        <entry>
                                <index>9</index>
                                <sharindx>0x9</sharindx>
                                <smax>0xFFFF</smax>
                                <rate>0x1900</rate>
                                <maxlen>0x5EE</maxlen>
                                <partition>0x0</partition>
                        </entry>
                        <entry>
                                <index>10</index>
                                <sharindx>0xA</sharindx>
                                <smax>0xFFFF</smax>
                                <rate>0x1900</rate>
                                <maxlen>0x5EE</maxlen>
                                <partition>0x0</partition>
                        </entry>
                        <entry>
                                <index>11</index>
                                <sharindx>0xB</sharindx>
                                <smax>0xFFFF</smax>
                                <rate>0x1900</rate>
                                <maxlen>0x5EE</maxlen>
                                <partition>0x0</partition>
                        </entry>
                        <entry>
                                <index>12</index>
                                <sharindx>0xC</sharindx>
                                <smax>0xFFFF</smax>
                                <rate>0x1900</rate>
                                <maxlen>0x5EE</maxlen>
                                <partition>0x0</partition>
                        </entry>
                        <entry>
                                <index>13</index>
                                <sharindx>0xD</sharindx>
                                <smax>0xFFFF</smax>
                                <rate>0x1900</rate>
                                <maxlen>0x5EE</maxlen>
                                <partition>0x0</partition>
                        </entry>
                        <entry>
                                <index>14</index>
                                <sharindx>0xE</sharindx>
                                <smax>0xFFFF</smax>
                                <rate>0x1900</rate>
                                <maxlen>0x5EE</maxlen>
                                <partition>0x0</partition>
                        </entry>
                        <entry>
                                <index>15</index>
                                <sharindx>0xF</sharindx>
                                <smax>0xFFFF</smax>
                                <rate>0x1900</rate>
                                <maxlen>0x5EE</maxlen>
                                <partition>0x0</partition>
                        </entry>
                        <entry>
                                <index>16</index>
                                <sharindx>0x10</sharindx>
                                <smax>0xFFFF</smax>
                                <rate>0x1900</rate>
                                <maxlen>0x5EE</maxlen>
                                <partition>0x0</partition>
                        </entry>
                        <entry>
                                <index>17</index>
                                <sharindx>0x11</sharindx>
                                <smax>0xFFFF</smax>
                                <rate>0x1900</rate>
                                <maxlen>0x5EE</maxlen>
                                <partition>0x0</partition>
                        </entry>
                        <entry>
                                <index>18</index>
                                <sharindx>0x12</sharindx>
                                <smax>0xFFFF</smax>
                                <rate>0x1900</rate>
                                <maxlen>0x5EE</maxlen>
                                <partition>0x0</partition>
                        </entry>
                        <entry>
                                <index>19</index>
                                <sharindx>0x13</sharindx>
                                <smax>0xFFFF</smax>
                                <rate>0x1900</rate>
                                <maxlen>0x5EE</maxlen>
                                <partition>0x0</partition>
                        </entry>
                        <entry>
                                <index>20</index>
                                <sharindx>0x14</sharindx>
                                <smax>0xFFFF</smax>
                                <rate>0x1900</rate>
                                <maxlen>0x5EE</maxlen>
                                <partition>0x0</partition>
                        </entry>
                        <entry>
                                <index>21</index>
                                <sharindx>0x15</sharindx>
                                <smax>0xFFFF</smax>
                                <rate>0x1900</rate>
                                <maxlen>0x5EE</maxlen>
                                <partition>0x0</partition>
                        </entry>
                        <entry>
                                <index>22</index>
                                <sharindx>0x16</sharindx>
                                <smax>0xFFFF</smax>
                                <rate>0x1900</rate>
                                <maxlen>0x5EE</maxlen>
                                <partition>0x0</partition>
                        </entry>
                        <entry>
                                <index>23</index>
                                <sharindx>0x17</sharindx>
                                <smax>0xFFFF</smax>
                                <rate>0x1900</rate>
                                <maxlen>0x5EE</maxlen>
                                <partition>0x0</partition>
                        </entry>
                        <entry>
                                <index>24</index>
                                <sharindx>0x18</sharindx>
                                <smax>0xFFFF</smax>
                                <rate>0x1900</rate>
                                <maxlen>0x5EE</maxlen>
                                <partition>0x0</partition>
                        </entry>
                        <entry>
                                <index>25</index>
                                <sharindx>0x19</sharindx>
                                <smax>0xFFFF</smax>
                                <rate>0x1900</rate>
                                <maxlen>0x5EE</maxlen>
                                <partition>0x0</partition>
                        </entry>
                        <entry>
                                <index>26</index>
                                <sharindx>0x1A</sharindx>
                                <smax>0xFFFF</smax>
                                <rate>0x1900</rate>
                                <maxlen>0x5EE</maxlen>
                                <partition>0x0</partition>
                        </entry>
                        <entry>
                                <index>27</index>
                                <sharindx>0x1B</sharindx>
                                <smax>0xFFFF</smax>
                                <rate>0x1900</rate>
                                <maxlen>0x5EE</maxlen>
                                <partition>0x0</partition>
                        </entry>
                        <entry>
                                <index>28</index>
                                <sharindx>0x1C</sharindx>
                                <smax>0xFFFF</smax>
                                <rate>0x1900</rate>
                                <maxlen>0x5EE</maxlen>
                                <partition>0x0</partition>
                        </entry>
                        <entry>
                                <index>29</index>
                                <sharindx>0x1D</sharindx>
                                <smax>0xFFFF</smax>
                                <rate>0x1900</rate>
                                <maxlen>0x5EE</maxlen>
                                <partition>0x0</partition>
                        </entry>
                        <entry>
                                <index>30</index>
                                <sharindx>0x1E</sharindx>
                                <smax>0xFFFF</smax>
                                <rate>0x1900</rate>
                                <maxlen>0x5EE</maxlen>
                                <partition>0x0</partition>
                        </entry>
                        <entry>
                                <index>31</index>
                                <sharindx>0x1F</sharindx>
                                <smax>0xFFFF</smax>
                                <rate>0x1900</rate>
                                <maxlen>0x5EE</maxlen>
                                <partition>0x0</partition>
                        </entry>
                        <entry>
                                <index>32</index>
                                <sharindx>0x20</sharindx>
                                <smax>0xFFFF</smax>
                                <rate>0x1900</rate>
                                <maxlen>0x5EE</maxlen>
                                <partition>0x0</partition>
                        </entry>
                        <entry>
                                <index>33</index>
                                <sharindx>0x21</sharindx>
                                <smax>0xFFFF</smax>
                                <rate>0x1900</rate>
                                <maxlen>0x5EE</maxlen>
                                <partition>0x0</partition>
                        </entry>
                        <entry>
                                <index>34</index>
                                <sharindx>0x22</sharindx>
                                <smax>0xFFFF</smax>
                                <rate>0x1900</rate>
                                <maxlen>0x5EE</maxlen>
                                <partition>0x0</partition>
                        </entry>
                        <entry>
                                <index>35</index>
                                <sharindx>0x23</sharindx>
                                <smax>0xFFFF</smax>
                                <rate>0x1900</rate>
                                <maxlen>0x5EE</maxlen>
                                <partition>0x0</partition>
                        </entry>
                        <entry>
                                <index>36</index>
                                <sharindx>0x24</sharindx>
                                <smax>0xFFFF</smax>
                                <rate>0x1900</rate>
                                <maxlen>0x5EE</maxlen>
                                <partition>0x0</partition>
                        </entry>
                        <entry>
                                <index>37</index>
                                <sharindx>0x25</sharindx>
                                <smax>0xFFFF</smax>
                                <rate>0x1900</rate>
                                <maxlen>0x5EE</maxlen>
                                <partition>0x0</partition>
                        </entry>
                        <entry>
                                <index>38</index>
                                <sharindx>0x26</sharindx>
                                <smax>0xFFFF</smax>
                                <rate>0x1900</rate>
                                <maxlen>0x5EE</maxlen>
                                <partition>0x0</partition>
                        </entry>
                        <entry>
                                <index>39</index>
                                <sharindx>0x27</sharindx>
                                <smax>0xFFFF</smax>
                                <rate>0x1900</rate>
                                <maxlen>0x5EE</maxlen>
                                <partition>0x0</partition>
                        </entry>
                        <entry>
                                <index>40</index>
                                <sharindx>0x28</sharindx>
                                <smax>0xFFFF</smax>
                                <rate>0x1900</rate>
                                <maxlen>0x5EE</maxlen>
                                <partition>0x0</partition>
                        </entry>
                        <entry>
                                <index>41</index>
                                <sharindx>0x29</sharindx>
                                <smax>0xFFFF</smax>
                                <rate>0x1900</rate>
                                <maxlen>0x5EE</maxlen>
                                <partition>0x0</partition>
                        </entry>
                        <entry>
                                <index>42</index>
                                <sharindx>0x2A</sharindx>
                                <smax>0xFFFF</smax>
                                <rate>0x1900</rate>
                                <maxlen>0x5EE</maxlen>
                                <partition>0x0</partition>
                        </entry>
                        <entry>
                                <index>43</index>
                                <sharindx>0x2B</sharindx>
                                <smax>0xFFFF</smax>
                                <rate>0x1900</rate>
                                <maxlen>0x5EE</maxlen>
                                <partition>0x0</partition>
                        </entry>
                        <entry>
                                <index>44</index>
                                <sharindx>0x2C</sharindx>
                                <smax>0xFFFF</smax>
                                <rate>0x1900</rate>
                                <maxlen>0x5EE</maxlen>
                                <partition>0x0</partition>
                        </entry>
                </l2-policing-table>
                <vlan-lookup-table>
                        <entry>
                                <index>0</index>
                                <ving_mirr>0x0</ving_mirr>
                                <vegr_mirr>0x0</vegr_mirr>
                                <vmemb_port>0x1F</vmemb_port>
                                <vlan_bc>0x1F</vlan_bc>
                                <tag_port>0x0</tag_port>
                                <vlanid>0x0</vlanid>
                        </entry>
                </vlan-lookup-table>
                <l2-forwarding-table>
                        <entry>
                                <index>0</index>
                                <bc_domain>0x1E</bc_domain>
                                <reach_port>0x1E</reach_port>
                                <fl_domain>0x1E</fl_domain>
                                <vlan_pmap>[0x0 0x1 0x2 0x3 0x4 0x5 0x6 0x7 ]</vlan_pmap>
                        </entry>
                        <entry>
                                <index>1</index>
                                <bc_domain>0x1D</bc_domain>
                                <reach_port>0x1D</reach_port>
                                <fl_domain>0x1D</fl_domain>
                                <vlan_pmap>[0x0 0x1 0x2 0x3 0x4 0x5 0x6 0x7 ]</vlan_pmap>
                        </entry>
                        <entry>
                                <index>2</index>
                                <bc_domain>0x1B</bc_domain>
                                <reach_port>0x1B</reach_port>
                                <fl_domain>0x1B</fl_domain>
                                <vlan_pmap>[0x0 0x1 0x2 0x3 0x4 0x5 0x6 0x7 ]</vlan_pmap>
                        </entry>
                        <entry>
                                <index>3</index>
                                <bc_domain>0x17</bc_domain>
                                <reach_port>0x17</reach_port>
                                <fl_domain>0x17</fl_domain>
                                <vlan_pmap>[0x0 0x1 0x2 0x3 0x4 0x5 0x6 0x7 ]</vlan_pmap>
                        </entry>
                        <entry>
                                <index>4</index>
                                <bc_domain>0xF</bc_domain>
                                <reach_port>0xF</reach_port>
                                <fl_domain>0xF</fl_domain>
                                <vlan_pmap>[0x0 0x1 0x2 0x3 0x4 0x5 0x6 0x7 ]</vlan_pmap>
                        </entry>
                        <entry>
                                <index>5</index>
                                <bc_domain>0x0</bc_domain>
                                <reach_port>0x0</reach_port>
                                <fl_domain>0x0</fl_domain>
                                <vlan_pmap>[0x0 0x0 0x0 0x0 0x0 0x0 0x0 0x0 ]</vlan_pmap>
                        </entry>
                        <entry>
                                <index>6</index>
                                <bc_domain>0x0</bc_domain>
                                <reach_port>0x0</reach_port>
                                <fl_domain>0x0</fl_domain>
                                <vlan_pmap>[0x1 0x1 0x1 0x1 0x1 0x0 0x0 0x0 ]</vlan_pmap>
                        </entry>
                        <entry>
                                <index>7</index>
                                <bc_domain>0x0</bc_domain>
                                <reach_port>0x0</reach_port>
                                <fl_domain>0x0</fl_domain>
                                <vlan_pmap>[0x2 0x2 0x2 0x2 0x2 0x0 0x0 0x0 ]</vlan_pmap>
                        </entry>
                        <entry>
                                <index>8</index>
                                <bc_domain>0x0</bc_domain>
                                <reach_port>0x0</reach_port>
                                <fl_domain>0x0</fl_domain>
                                <vlan_pmap>[0x3 0x3 0x3 0x3 0x3 0x0 0x0 0x0 ]</vlan_pmap>
                        </entry>
                        <entry>
                                <index>9</index>
                                <bc_domain>0x0</bc_domain>
                                <reach_port>0x0</reach_port>
                                <fl_domain>0x0</fl_domain>
                                <vlan_pmap>[0x4 0x4 0x4 0x4 0x4 0x0 0x0 0x0 ]</vlan_pmap>
                        </entry>
                        <entry>
                                <index>10</index>
                                <bc_domain>0x0</bc_domain>
                                <reach_port>0x0</reach_port>
                                <fl_domain>0x0</fl_domain>
                                <vlan_pmap>[0x5 0x5 0x5 0x5 0x5 0x0 0x0 0x0 ]</vlan_pmap>
                        </entry>
                        <entry>
                                <index>11</index>
                                <bc_domain>0x0</bc_domain>
                                <reach_port>0x0</reach_port>
                                <fl_domain>0x0</fl_domain>
                                <vlan_pmap>[0x6 0x6 0x6 0x6 0x6 0x0 0x0 0x0 ]</vlan_pmap>
                        </entry>
                        <entry>
                                <index>12</index>
                                <bc_domain>0x0</bc_domain>
                                <reach_port>0x0</reach_port>
                                <fl_domain>0x0</fl_domain>
                                <vlan_pmap>[0x7 0x7 0x7 0x7 0x7 0x0 0x0 0x0 ]</vlan_pmap>
                        </entry>
                </l2-forwarding-table>
                <mac-configuration-table>
                        <entry>
                                <index>0</index>
                                <top>[0x3F 0x7F 0xBF 0xFF 0x13F 0x17F 0x1BF 0x1FF ]</top>
                                <base>[0x0 0x40 0x80 0xC0 0x100 0x140 0x180 0x1C0 ]</base>
                                <enabled>[0x1 0x1 0x1 0x1 0x1 0x1 0x1 0x1 ]</enabled>
                                <ifg>0x0</ifg>
                                <speed>0x2</speed>
                                <tp_delin>0x0</tp_delin>
                                <tp_delout>0x0</tp_delout>
                                <maxage>0xFF</maxage>
                                <vlanprio>0x0</vlanprio>
                                <vlanid>0x0</vlanid>
                                <ing_mirr>0x0</ing_mirr>
                                <egr_mirr>0x0</egr_mirr>
                                <drpnona664>0x0</drpnona664>
                                <drpdtag>0x0</drpdtag>
                                <drpuntag>0x0</drpuntag>
                                <retag>0x0</retag>
                                <dyn_learn>0x1</dyn_learn>
                                <egress>0x1</egress>
                                <ingress>0x1</ingress>
                        </entry>
                        <entry>
                                <index>1</index>
                                <top>[0x3F 0x7F 0xBF 0xFF 0x13F 0x17F 0x1BF 0x1FF ]</top>
                                <base>[0x0 0x40 0x80 0xC0 0x100 0x140 0x180 0x1C0 ]</base>
                                <enabled>[0x1 0x1 0x1 0x1 0x1 0x1 0x1 0x1 ]</enabled>
                                <ifg>0x0</ifg>
                                <speed>0x2</speed>
                                <tp_delin>0x0</tp_delin>
                                <tp_delout>0x0</tp_delout>
                                <maxage>0xFF</maxage>
                                <vlanprio>0x0</vlanprio>
                                <vlanid>0x0</vlanid>
                                <ing_mirr>0x0</ing_mirr>
                                <egr_mirr>0x0</egr_mirr>
                                <drpnona664>0x0</drpnona664>
                                <drpdtag>0x0</drpdtag>
                                <drpuntag>0x0</drpuntag>
                                <retag>0x0</retag>
                                <dyn_learn>0x1</dyn_learn>
                                <egress>0x1</egress>
                                <ingress>0x1</ingress>
                        </entry>
                        <entry>
                                <index>2</index>
                                <top>[0x3F 0x7F 0xBF 0xFF 0x13F 0x17F 0x1BF 0x1FF ]</top>
                                <base>[0x0 0x40 0x80 0xC0 0x100 0x140 0x180 0x1C0 ]</base>
                                <enabled>[0x1 0x1 0x1 0x1 0x1 0x1 0x1 0x1 ]</enabled>
                                <ifg>0x0</ifg>
                                <speed>0x2</speed>
                                <tp_delin>0x0</tp_delin>
                                <tp_delout>0x0</tp_delout>
                                <maxage>0xFF</maxage>
                                <vlanprio>0x0</vlanprio>
                                <vlanid>0x0</vlanid>
                                <ing_mirr>0x0</ing_mirr>
                                <egr_mirr>0x0</egr_mirr>
                                <drpnona664>0x0</drpnona664>
                                <drpdtag>0x0</drpdtag>
                                <drpuntag>0x0</drpuntag>
                                <retag>0x0</retag>
                                <dyn_learn>0x1</dyn_learn>
                                <egress>0x1</egress>
                                <ingress>0x1</ingress>
                        </entry>
                        <entry>
                                <index>3</index>
                                <top>[0x3F 0x7F 0xBF 0xFF 0x13F 0x17F 0x1BF 0x1FF ]</top>
                                <base>[0x0 0x40 0x80 0xC0 0x100 0x140 0x180 0x1C0 ]</base>
                                <enabled>[0x1 0x1 0x1 0x1 0x1 0x1 0x1 0x1 ]</enabled>
                                <ifg>0x0</ifg>
                                <speed>0x2</speed>
                                <tp_delin>0x0</tp_delin>
                                <tp_delout>0x0</tp_delout>
                                <maxage>0xFF</maxage>
                                <vlanprio>0x0</vlanprio>
                                <vlanid>0x0</vlanid>
                                <ing_mirr>0x0</ing_mirr>
                                <egr_mirr>0x0</egr_mirr>
                                <drpnona664>0x0</drpnona664>
                                <drpdtag>0x0</drpdtag>
                                <drpuntag>0x0</drpuntag>
                                <retag>0x0</retag>
                                <dyn_learn>0x1</dyn_learn>
                                <egress>0x1</egress>
                                <ingress>0x1</ingress>
                        </entry>
                        <entry>
                                <index>4</index>
                                <top>[0x3F 0x7F 0xBF 0xFF 0x13F 0x17F 0x1BF 0x1FF ]</top>
                                <base>[0x0 0x40 0x80 0xC0 0x100 0x140 0x180 0x1C0 ]</base>
                                <enabled>[0x1 0x1 0x1 0x1 0x1 0x1 0x1 0x1 ]</enabled>
                                <ifg>0x0</ifg>
                                <speed>0x2</speed>
                                <tp_delin>0x0</tp_delin>
                                <tp_delout>0x0</tp_delout>
                                <maxage>0xFF</maxage>
                                <vlanprio>0x0</vlanprio>
                                <vlanid>0x0</vlanid>
                                <ing_mirr>0x0</ing_mirr>
                                <egr_mirr>0x0</egr_mirr>
                                <drpnona664>0x0</drpnona664>
                                <drpdtag>0x0</drpdtag>
                                <drpuntag>0x0</drpuntag>
                                <retag>0x0</retag>
                                <dyn_learn>0x1</dyn_learn>
                                <egress>0x1</egress>
                                <ingress>0x1</ingress>
                        </entry>
                </mac-configuration-table>
                <schedule-parameters-table/>
                <schedule-entry-points-parameters-table/>
                <vl-forwarding-parameters-table/>
                <l2-address-lookup-parameters-table>
                        <entry>
                                <index>0</index>
                                <maxage>0x0</maxage>
                                <dyn_tbsz>0x4</dyn_tbsz>
                                <poly>0x97</poly>
                                <shared_learn>0x1</shared_learn>
                                <no_enf_hostprt>0x0</no_enf_hostprt>
                                <no_mgmt_learn>0x0</no_mgmt_learn>
                        </entry>
                </l2-address-lookup-parameters-table>
                <l2-forwarding-parameters-table>
                        <entry>
                                <index>0</index>
                                <max_dynp>0x0</max_dynp>
                                <part_spc>[0x3A1 0x0 0x0 0x0 0x0 0x0 0x0 0x0 ]</part_spc>
                        </entry>
                </l2-forwarding-parameters-table>
                <clock-synchronization-parameters-table/>
                <avb-parameters-table/>
                <general-parameters-table>
                        <entry>
                                <index>0</index>
                                <vllupformat>0x0</vllupformat>
                                <mirr_ptacu>0x1</mirr_ptacu>
                                <switchid>0x3</switchid>
                                <hostprio>0x0</hostprio>
                                <mac_fltres1>0x0</mac_fltres1>
                                <mac_fltres0>0x0</mac_fltres0>
                                <mac_flt1>0xFFFFFFFFFFFF</mac_flt1>
                                <mac_flt0>0xFFFFFFFFFFFF</mac_flt0>
                                <incl_srcpt1>0x0</incl_srcpt1>
                                <incl_srcpt0>0x0</incl_srcpt0>
                                <send_meta1>0x0</send_meta1>
                                <send_meta0>0x0</send_meta0>
                                <casc_port>0x6</casc_port>
                                <host_port>0x6</host_port>
                                <mirr_port>0x4</mirr_port>
                                <vlmarker>0x0</vlmarker>
                                <vlmask>0x0</vlmask>
                                <tpid>0x8100</tpid>
                                <ignore2stf>0x1</ignore2stf>
                                <tpid2>0x9100</tpid2>
                        </entry>
                </general-parameters-table>
                <retagging-table/>
                <xmii-mode-parameters-table>
                        <entry>
                                <index>0</index>
                                <phy_mac>[0x0 0x0 0x0 0x0 0x0 ]</phy_mac>
                                <xmii_mode>[0x1 0x1 0x1 0x1 0x1 ]</xmii_mode>
                        </entry>
                </xmii-mode-parameters-table>
        </static>
</sja1105>

